gpu_num,batch_size,train_step,train_data,train_loss,train_acc,test_step,test_data,test_loss,test_acc,total_train_step_time,total_train_data_time,total_test_step_time,total_test_data_time
2.0,32.0,0.013689432607587341,0.001562581647692434,0.8990259661865234,0.664518443760329,0.016867203712463377,0.005154275894165039,0.8102722179889679,0.7150091620950977,10.7051362991333,1.2219388484954834,1.686720371246338,0.5154275894165039
2.0,128.0,0.016541341129614383,0.004097112587520054,1.2484887055587768,0.5231581324607399,0.016581127643585204,0.004863259792327881,1.1900821316242218,0.578257509485962,3.242102861404419,0.8030340671539307,1.6581127643585205,0.4863259792327881
2.0,512.0,0.030268839427403042,0.016244863977237622,1.6550808759307862,0.37879839079229466,0.016529855728149415,0.004816710948944092,1.5647495341300965,0.42480379399457313,1.483173131942749,0.7959983348846436,1.6529855728149414,0.4816710948944092
2.0,2048.0,0.4329218314244197,0.09421742879427396,2.1169883708953856,0.21725449323867244,0.016657407283782958,0.004966700077056884,1.9939833641052247,0.27385852446370934,5.627983808517456,1.2248265743255615,1.665740728378296,0.4966700077056885
2.0,8192.0,0.8406597375869751,0.8159063458442688,2.316591199417114,0.11504583786666668,0.016385746002197266,0.004859237670898437,2.2491785168647764,0.17248617665847132,3.3626389503479004,3.263625383377075,1.6385746002197266,0.48592376708984375
