train_step,train_data,train_loss,train_acc,test_step,test_data,test_loss,test_acc,total_train_step_time,total_train_data_time,total_test_step_time,total_test_data_time
0.031147231861036653,0.01623301603356186,2.0674818588638306,0.1766397917116332,0.016559836864471437,0.0050387406349182125,1.8057375824451447,0.3382916740576068,1.526214361190796,0.7954177856445312,1.6559836864471436,0.5038740634918213
0.030268839427403042,0.016244863977237622,1.6550808759307862,0.37879839079229466,0.016529855728149415,0.004816710948944092,1.5647495341300965,0.42480379399457313,1.483173131942749,0.7959983348846436,1.6529855728149414,0.4816710948944092
