train_step,train_data,train_loss,train_acc,test_step,test_data,test_loss,test_acc,total_train_step_time,total_train_data_time,total_test_step_time,total_test_data_time
0.010578750649376599,0.009251518322683661,1.903282859992981,0.23735341002123178,0.01708831666391107,0.016674657411213163,1.6558792554855346,0.4151851170620047,4.13629150390625,3.6173436641693115,1.3499770164489746,1.3172979354858398
0.010637697966202446,0.009410327047948032,1.571777465248108,0.4456586703126594,0.015314823464502263,0.014902389502223534,1.563033680152893,0.45040835203915347,4.159339904785156,3.6794378757476807,1.2098710536956787,1.1772887706756592
0.010590375841731,0.009319979821324653,1.4742306187057495,0.48173742749496856,0.016653893869134444,0.01621622375295132,1.682338821220398,0.4306340944366078,4.140836954116821,3.6441121101379395,1.315657615661621,1.2810816764831543
0.010383030947516947,0.009095016342904562,1.4003942038345336,0.51335735334773,0.015520533428916449,0.015114349654958219,1.5669675045013427,0.4771656837829519,4.059765100479126,3.5561513900756836,1.2261221408843994,1.1940336227416992
