train_step,train_data,train_loss,train_acc,test_step,test_data,test_loss,test_acc,total_train_step_time,total_train_data_time,total_test_step_time,total_test_data_time
0.010754398067893885,0.00966008727812706,2.878529240951538,0.25123938194204803,0.014428905293911318,0.013995390904100635,1.8127669710159302,0.3700843930326436,4.204969644546509,3.7770941257476807,1.1398835182189941,1.1056358814239502
0.010297653925083482,0.00926707040928209,1.7403793642425538,0.38579570753665576,0.014740678328502028,0.014318348486212235,1.7549212818145752,0.3890631748773009,4.026382684707642,3.623424530029297,1.1645135879516602,1.1311495304107666
0.010264149102408563,0.009245621273889566,1.657494641494751,0.41891351732219817,0.014448365078696722,0.014042338238486761,1.7475868551254272,0.38430138163896416,4.013282299041748,3.6150379180908203,1.141420841217041,1.109344720840454
0.010213272650833325,0.009236069896337016,1.590217494544983,0.44917326687634385,0.014193555976771102,0.013786201235614245,1.7490269010543824,0.3881615887047687,3.99338960647583,3.6113033294677734,1.121290922164917,1.0891098976135254
