train_step,train_data,train_loss,train_acc,test_step,test_data,test_loss,test_acc,total_train_step_time,total_train_data_time,total_test_step_time,total_test_data_time
0.010380562004225944,0.009213900627077692,2.303262447052002,0.11139904375520482,0.01501726802391342,0.014558402797843836,2.302584887313843,0.09999977475020858,4.058799743652344,3.602635145187378,1.1863641738891602,1.150113821029663
0.010424025528266302,0.009240638874375911,2.3026654518127443,0.1009362489292379,0.015266300756720048,0.014856896822965598,2.302584887313843,0.09999977475020858,4.075793981552124,3.6130897998809814,1.2060377597808838,1.1736948490142822
0.010454426641049593,0.009244765162163073,2.3025848854064943,0.09904323190377509,0.015068389192412171,0.014615258084067816,2.302584887313843,0.09999977475020858,4.087680816650391,3.6147031784057617,1.1904027462005615,1.1546053886413574
0.010655334233627904,0.009360489028189188,2.3025848854064943,0.09997137945169436,0.014129837857017035,0.013690586331524427,2.302584887313843,0.09999977475020858,4.166235685348511,3.6599512100219727,1.1162571907043457,1.0815563201904297
