train_step,train_data,train_loss,train_acc,test_step,test_data,test_loss,test_acc,total_train_step_time,total_train_data_time,total_test_step_time,total_test_data_time
0.018057058534353895,0.0015762093122048146,1.3883099354171753,0.3920276361811212,0.01679018259048462,0.005037744045257569,1.0349570572376252,0.6322995481123097,14.120619773864746,1.232595682144165,1.679018259048462,0.5037744045257568
0.013689432607587341,0.001562581647692434,0.8990259661865234,0.664518443760329,0.016867203712463377,0.005154275894165039,0.8102722179889679,0.7150091620950977,10.7051362991333,1.2219388484954834,1.686720371246338,0.5154275894165039
