train_step,train_data,train_loss,train_acc,test_step,test_data,test_loss,test_acc,total_train_step_time,total_train_data_time,total_test_step_time,total_test_data_time
0.0169603629988067,0.0041347961036526425,1.6935246495819092,0.2791653962363453,0.017271268367767333,0.0051470804214477535,1.4061700594425202,0.48506407408300545,3.3242311477661133,0.810420036315918,1.7271268367767334,0.5147080421447754
0.016541341129614383,0.004097112587520054,1.2484887055587768,0.5231581324607399,0.016581127643585204,0.004863259792327881,1.1900821316242218,0.578257509485962,3.242102861404419,0.8030340671539307,1.6581127643585205,0.4863259792327881
