train_step,train_data,train_loss,train_acc,test_step,test_data,test_loss,test_acc,total_train_step_time,total_train_data_time,total_test_step_time,total_test_data_time
0.055408992767333985,0.03416913032531738,2.214446013183594,0.1389190558649265,0.016179308891296387,0.00397425651550293,2.0530471241474153,0.25225297146178566,1.3852248191833496,0.8542282581329346,1.6179308891296387,0.39742565155029297
0.05434651374816894,0.03322211265563965,1.910759195022583,0.2847063897956331,0.015672941207885743,0.004065759181976318,1.8106312191486358,0.34173831404916627,1.3586628437042236,0.8305528163909912,1.5672941207885742,0.40657591819763184
