train_step,train_data,train_loss,train_acc,test_step,test_data,test_loss,test_acc,total_train_step_time,total_train_data_time,total_test_step_time,total_test_data_time
2.821203649044037,0.8100026249885559,2.4243216093444824,0.09038120746666665,0.01667168378829956,0.005133681297302246,2.3466322112083433,0.10786555008582209,11.284814596176147,3.2400104999542236,1.667168378829956,0.5133681297302246
0.8406597375869751,0.8159063458442688,2.316591199417114,0.11504583786666668,0.016385746002197266,0.004859237670898437,2.2491785168647764,0.17248617665847132,3.3626389503479004,3.263625383377075,1.6385746002197266,0.48592376708984375
