train_step,train_data,train_loss,train_acc,test_step,test_data,test_loss,test_acc,total_train_step_time,total_train_data_time,total_test_step_time,total_test_data_time
0.010425602993391968,0.009279952329747817,434.1574596821594,0.09826329979523983,0.016100204443629786,0.015624800814857965,2.302584887313843,0.09999977475020858,4.07641077041626,3.6284613609313965,1.271916151046753,1.2343592643737793
0.010505623829639172,0.00928537437068227,2.3025848854064943,0.10059572232154589,0.01610311677184286,0.01560118530370012,2.302584887313843,0.09999977475020858,4.107698917388916,3.6305813789367676,1.272146224975586,1.2324936389923096
0.010512038569925997,0.009343926559018967,2.306165048980713,0.09963566573326446,0.014750438400461703,0.014270181897320326,2.302584887313843,0.09999977475020858,4.1102070808410645,3.653475284576416,1.1652846336364746,1.1273443698883057
0.010463748746515844,0.009283562755340811,2.302739624786377,0.10040565968949539,0.015645368189751346,0.015151008774962607,2.302584887313843,0.09999977475020858,4.091325759887695,3.629873037338257,1.2359840869903564,1.196929693222046
