train_step,train_data,train_loss,train_acc,test_step,test_data,test_loss,test_acc,total_train_step_time,total_train_data_time,total_test_step_time,total_test_data_time
0.010400643434061115,0.00904947900406235,2.3044996394348143,0.10081790119483186,0.014907157873805565,0.014419757867161232,2.3025862453460695,0.09999977475020858,4.0666515827178955,3.538346290588379,1.1776654720306396,1.1391608715057373
0.010720937758150613,0.00930412590046368,2.3025849800109865,0.10086393818420367,0.015109071248694312,0.014560023440590387,2.302584887313843,0.09999977475020858,4.19188666343689,3.637913227081299,1.1936166286468506,1.1502418518066406
0.010578169542200425,0.009243815146443788,2.3025848854064943,0.09851379869987095,0.016175369673137423,0.015695010559468328,2.302584887313843,0.09999977475020858,4.136064291000366,3.6143317222595215,1.2778542041778564,1.239905834197998
0.01027992619272998,0.008951659702583957,2.3025918476867675,0.10050587849032894,0.01469650751427759,0.014215550845182395,2.302584887313843,0.09999977475020858,4.019451141357422,3.500098943710327,1.1610240936279297,1.1230285167694092
