train_step,train_data,train_loss,train_acc,test_step,test_data,test_loss,test_acc,total_train_step_time,total_train_data_time,total_test_step_time,total_test_data_time
0.01018320325085574,0.008835019967745028,2.304148247833252,0.10275101998731861,0.016748908199841463,0.016254210773902603,2.3025851406097413,0.09999977475020858,3.9816324710845947,3.4544928073883057,1.3231637477874756,1.2840826511383057
0.010639399823630253,0.009273973572284669,2.3025864649963377,0.10049696504508089,0.016605968716778333,0.01610987095893184,2.302584887313843,0.09999977475020858,4.160005331039429,3.6261236667633057,1.3118715286254883,1.2726798057556152
0.0106624611808211,0.009293969025087478,2.3025848854064943,0.10074969375074248,0.015214557889141615,0.014709656751608546,2.302584887313843,0.09999977475020858,4.16902232170105,3.633941888809204,1.2019500732421875,1.1620628833770752
0.010262305779225381,0.008869687004772293,2.302585225982666,0.09814784407518408,0.014306925520112243,0.01383705380596692,2.302584887313843,0.09999977475020858,4.012561559677124,3.468047618865967,1.1302471160888672,1.0931272506713867
