train_step,train_data,train_loss,train_acc,test_step,test_data,test_loss,test_acc,total_train_step_time,total_train_data_time,total_test_step_time,total_test_data_time
0.010873725042318748,0.00950059622449948,2.9825494874572755,0.09863072865861226,0.015105811855461023,0.014589617523965957,2.3025904262542727,0.09985509345291849,4.251626491546631,3.714733123779297,1.193359136581421,1.1525797843933105
0.010546836706683459,0.009426677318485191,2.302602060546875,0.09991572233552401,0.015548343899883802,0.01502030710630779,2.3025907375335692,0.09999977475020858,4.123813152313232,3.68583083152771,1.2283191680908203,1.1866042613983154
0.010662078247655688,0.009506701813329516,2.3027088862609864,0.10037717256817677,0.01558741738524618,0.015101894547667685,2.3025914272308348,0.09999977475020858,4.168872594833374,3.717120409011841,1.2314059734344482,1.193049669265747
0.010573192020816266,0.009474746406535664,2.3026008589172364,0.10101284942443697,0.01704727245282523,0.016560116900673397,2.3026380855560302,0.09999977475020858,4.13411808013916,3.7046258449554443,1.3467345237731934,1.3082492351531982
