train_step,train_data,train_loss,train_acc,test_step,test_data,test_loss,test_acc,total_train_step_time,total_train_data_time,total_test_step_time,total_test_data_time
0.010496472458705268,0.009204114489543164,2.3020901094055177,0.11204243406957787,0.014414117306093627,0.013928935497621947,2.302584887313843,0.09999977475020858,4.10412073135376,3.598808765411377,1.1387152671813965,1.1003859043121338
0.010475641016460136,0.009161810740790404,2.302585670928955,0.0966029342130737,0.016138629068302202,0.015661242641980135,2.302584887313843,0.09999977475020858,4.095975637435913,3.582267999649048,1.274951696395874,1.2372381687164307
0.01060368886689091,0.009266908211476358,2.302585011138916,0.10261075907879225,0.015638607966748975,0.015159797064865692,2.3025856441497803,0.09983073887775508,4.146042346954346,3.623361110687256,1.235450029373169,1.1976239681243896
0.010518835633612045,0.009186105654977472,2.302594037017822,0.09924707694253446,0.0157799932021129,0.015251467499551894,2.302584887313843,0.09999977475020858,4.11286473274231,3.5917673110961914,1.246619462966919,1.2048659324645996
