train_step,train_data,train_loss,train_acc,test_step,test_data,test_loss,test_acc,total_train_step_time,total_train_data_time,total_test_step_time,total_test_data_time
0.9024660927908761,0.3168896266392299,2.3536311114501953,0.09905518933333335,0.021527037620544434,0.009689505100250245,2.256451680660248,0.15797902582475842,6.317262649536133,2.2182273864746094,2.1527037620544434,0.9689505100250244
0.33337375095912386,0.32615208625793457,2.213117932357788,0.18419363306666667,0.022928206920623778,0.010692803859710694,2.14948135137558,0.21470709158445334,2.333616256713867,2.283064603805542,2.292820692062378,1.0692803859710693
0.3383121831076486,0.3298602444784982,2.1225487688446045,0.22503611573333335,0.02161591053009033,0.009889597892761231,2.0718700385093687,0.24755271489120123,2.36818528175354,2.3090217113494873,2.161591053009033,0.988959789276123
0.3321361541748047,0.323559045791626,2.040321367797852,0.2567007216,0.02241035461425781,0.010493242740631103,1.988627542257309,0.2860094899464678,2.324953079223633,2.264913320541382,2.2410354614257812,1.0493242740631104
