train_step,train_data,train_loss,train_acc,test_step,test_data,test_loss,test_acc,total_train_step_time,total_train_data_time,total_test_step_time,total_test_data_time
0.009191693552314778,0.0029520207963636158,1.4966618887329102,0.3481958652514597,0.022347476482391358,0.01038973093032837,1.1958230274915695,0.5752457300621373,3.593952178955078,1.1542401313781738,2.2347476482391357,1.038973093032837
0.01000094474733943,0.002971000988465136,1.0089541854476929,0.6185243971880757,0.021425440311431884,0.009576432704925537,0.9435786926746368,0.6666486287483914,3.910369396209717,1.1616613864898682,2.1425440311431885,0.9576432704925537
0.009168323653433329,0.0030208182761736232,0.7734837125015259,0.7204705051594252,0.02097205400466919,0.00910752534866333,0.848003648519516,0.7032192982062573,3.5848145484924316,1.1811399459838867,2.097205400466919,0.910752534866333
0.009944038927707526,0.0024986852465383232,0.5934293574714661,0.7943677054532312,0.021820361614227294,0.009959588050842285,0.7912813746929168,0.7255432795145591,3.8881192207336426,0.9769859313964844,2.1820361614227295,0.9959588050842285
