train_step,train_data,train_loss,train_acc,test_step,test_data,test_loss,test_acc,total_train_step_time,total_train_data_time,total_test_step_time,total_test_data_time
3.2496562600135803,0.9399458169937134,2.4179016318511963,0.09746818559999999,0.024046335220336914,0.009016523361206055,2.339459683895111,0.11682234036040952,12.998625040054321,3.7597832679748535,2.4046335220336914,0.9016523361206055
0.9532176852226257,0.9288812279701233,2.3099727391052247,0.12383645013333333,0.02639162302017212,0.00863948106765747,2.2397913050651552,0.16989540040288995,3.812870740890503,3.715524911880493,2.639162302017212,0.8639481067657471
0.9524708390235901,0.930782675743103,2.224140955810547,0.17317200426666665,0.025709075927734373,0.008494081497192383,2.192131767272949,0.2149795044699717,3.8098833560943604,3.723130702972412,2.5709075927734375,0.8494081497192383
0.9764611124992371,0.9562199711799622,2.1810351226043703,0.2124726688,0.026327404975891113,0.008888747692108154,2.1505651688575744,0.23216612298439937,3.9058444499969482,3.8248798847198486,2.6327404975891113,0.8888747692108154
