train_step,train_data,train_loss,train_acc,test_step,test_data,test_loss,test_acc,total_train_step_time,total_train_data_time,total_test_step_time,total_test_data_time
0.012921170553791926,0.0017577415083130429,1.2703527836608888,0.43334741381087477,0.03530577182769776,0.014896981716156006,0.932503217458725,0.6587403519325163,20.195789575576782,2.747349977493286,3.5305771827697754,1.4896981716156006
0.012884358298069228,0.0017113180703561578,0.7755490026855468,0.7142077105723649,0.03553976058959961,0.014647321701049805,0.7030480054020881,0.749956578914496,20.138252019882202,2.674790143966675,3.553976058959961,1.4647321701049805
0.012861446013301135,0.0017170108287515964,0.5471891401290894,0.8138131141189956,0.03639033555984497,0.01500676155090332,0.6886150401830673,0.7738058407273984,20.102440118789673,2.683687925338745,3.639033555984497,1.500676155090332
0.012878070789808198,0.001688391904531956,0.38701515159130095,0.8755268245083939,0.03583397626876831,0.014463589191436768,0.6109782272577285,0.7993053157664819,20.128424644470215,2.6389565467834473,3.583397626876831,1.4463589191436768
