train_step,train_data,train_loss,train_acc,test_step,test_data,test_loss,test_acc,total_train_step_time,total_train_data_time,total_test_step_time,total_test_data_time
0.3504142665863037,0.08973359107971192,2.2143577268218992,0.1478343859289641,0.03555134534835815,0.014524178504943848,2.066225564479828,0.26155642138732504,8.760356664657593,2.243339776992798,3.5551345348358154,1.4524178504943848
0.3373639392852783,0.09387981414794921,1.946529902305603,0.27760515782748857,0.03554046630859375,0.014734084606170655,1.841911528110504,0.34269950119862697,8.434098482131958,2.3469953536987305,3.554046630859375,1.4734084606170654
0.33547383308410644,0.08983469009399414,1.7533426224899291,0.35238042047780743,0.035895156860351565,0.014147214889526367,1.6882449281215668,0.39060727759411645,8.386845827102661,2.2458672523498535,3.5895156860351562,1.4147214889526367
0.3370732498168945,0.09036919593811035,1.609673857307434,0.41031728375764853,0.0360451340675354,0.015528240203857423,1.574737160205841,0.4283093620735354,8.426831245422363,2.259229898452759,3.60451340675354,1.5528240203857422
