train_step,train_data,train_loss,train_acc,test_step,test_data,test_loss,test_acc,total_train_step_time,total_train_data_time,total_test_step_time,total_test_data_time
1.3512722764696394,0.6128244059426444,2.3800476850128174,0.08392846346666667,0.03628560781478882,0.01422745943069458,2.246431820392609,0.177659789921627,9.458905935287476,4.289770841598511,3.628560781478882,1.422745943069458
0.6172890322549003,0.6019969667707171,2.1977298267364502,0.19082360693333336,0.03590388774871826,0.014596598148345947,2.1328432083129885,0.21926977294729896,4.321023225784302,4.2139787673950195,3.590388774871826,1.4596598148345947
0.6267814295632499,0.6123383045196533,2.10427429725647,0.22699548639999997,0.03547058343887329,0.014466633796691894,2.0436226522922514,0.2588016595124182,4.387470006942749,4.286368131637573,3.547058343887329,1.4466633796691895
0.62293655531747,0.6132738590240479,2.008685610923767,0.2583376965333334,0.035706191062927245,0.015365469455718993,1.9456393027305603,0.29012716110911485,4.36055588722229,4.292917013168335,3.5706191062927246,1.5365469455718994
