train_step,train_data,train_loss,train_acc,test_step,test_data,test_loss,test_acc,total_train_step_time,total_train_data_time,total_test_step_time,total_test_data_time
0.01777349686136051,0.01066861103992073,1.8732169430160523,0.22923866253614913,0.021558892726898194,0.009561762809753419,1.6215664219856263,0.420330382832513,1.74180269241333,1.0455238819122314,2.1558892726898193,0.9561762809753418
0.019047810106861348,0.011036692833413884,1.4894896279907226,0.4372153682159812,0.022131712436676027,0.010484230518341065,1.4124220848083495,0.4873999137723441,1.866685390472412,1.0815958976745605,2.2131712436676025,1.0484230518341064
0.018910510199410573,0.011144864315889319,1.2828459722900392,0.5244139699549673,0.0220623517036438,0.010209810733795167,1.2602527618408204,0.5475070327957086,1.8532299995422363,1.0921967029571533,2.20623517036438,1.0209810733795166
0.018602091438916266,0.010743345533098494,1.1238933610916138,0.5888135684243507,0.021668803691864014,0.009994714260101319,1.1498490983247758,0.5936468680383027,1.823004961013794,1.0528478622436523,2.1668803691864014,0.9994714260101318
