train_step,train_data,train_loss,train_acc,test_step,test_data,test_loss,test_acc,total_train_step_time,total_train_data_time,total_test_step_time,total_test_data_time
2.9099140763282776,0.8322624564170837,2.344346275100708,0.10400001706666666,0.017442798614501952,0.005507709980010986,2.29693487405777,0.14391419002115258,11.63965630531311,3.329049825668335,1.7442798614501953,0.5507709980010986
0.8694717884063721,0.8548200726509094,2.2775730449676512,0.1421780704,0.01687009334564209,0.005252881050109863,2.2276585507392883,0.18460279506106309,3.4778871536254883,3.4192802906036377,1.687009334564209,0.5252881050109863
0.867719829082489,0.8530171513557434,2.2120731898498533,0.1894464373333333,0.016858384609222413,0.005193932056427002,2.176510365009308,0.2043325699001277,3.470879316329956,3.4120686054229736,1.6858384609222412,0.5193932056427002
0.8622584342956543,0.8470844626426697,2.1617254831695556,0.21074084266666668,0.0172615909576416,0.005095772743225098,2.124483788013458,0.219197170555097,3.449033737182617,3.3883378505706787,1.7261590957641602,0.5095772743225098
