train_step,train_data,train_loss,train_acc,test_step,test_data,test_loss,test_acc,total_train_step_time,total_train_data_time,total_test_step_time,total_test_data_time
0.04263748198139424,0.017566593325867946,1.8853684395980834,0.21923037989161948,0.03542596101760864,0.015279068946838378,1.5649672091007232,0.42384775490796983,4.178473234176636,1.7215261459350586,3.5425961017608643,1.527906894683838
0.03839252919566875,0.017544865608215332,1.434972425994873,0.4584067560785852,0.035761084556579587,0.014479551315307617,1.3624916565418244,0.5036506514229147,3.762467861175537,1.7193968296051025,3.576108455657959,1.4479551315307617
0.03834378962614098,0.017762702338549555,1.255045792350769,0.5362571225107158,0.036328444480896,0.014694111347198486,1.2438251048326492,0.5461089957187372,3.7576913833618164,1.7407448291778564,3.6328444480895996,1.4694111347198486
0.04034033600164919,0.01756417751312256,1.1186098454666138,0.5958292737425792,0.035688138008117674,0.014623942375183106,1.166084077358246,0.5745783091130743,3.953352928161621,1.7212893962860107,3.5688138008117676,1.4623942375183105
