train_step,train_data,train_loss,train_acc,test_step,test_data,test_loss,test_acc,total_train_step_time,total_train_data_time,total_test_step_time,total_test_data_time
7.782706260681152,2.9674220085144043,2.4000288344573977,0.1031053824,0.015711143016815185,0.004030830860137939,2.3825512075424196,0.10194523962087194,15.565412521362305,5.934844017028809,1.5711143016815186,0.40308308601379395
5.098412752151489,2.951672077178955,2.372961911697388,0.107751296,0.016181952953338623,0.004056451320648194,2.341918113231659,0.11407364288482057,10.196825504302979,5.90334415435791,1.6181952953338623,0.40564513206481934
3.8509247303009033,2.9386394023895264,2.3298308996582033,0.11755137279999998,0.01564927339553833,0.003960170745849609,2.297148551940918,0.12726629287390878,7.701849460601807,5.877278804779053,1.564927339553833,0.39601707458496094
3.015050172805786,2.9667389392852783,2.2846227545166014,0.1330270784,0.015577661991119384,0.0039214277267456054,2.258968102931976,0.14793656297915717,6.030100345611572,5.933477878570557,1.5577661991119385,0.39214277267456055
