train_step,train_data,train_loss,train_acc,test_step,test_data,test_loss,test_acc,total_train_step_time,total_train_data_time,total_test_step_time,total_test_data_time
0.010614189650396557,0.00937831127430167,2.310627033843994,0.10121559439276329,0.014288995839372466,0.01388182217561746,2.302584887313843,0.09999977475020858,4.150148153305054,3.666919708251953,1.1288306713104248,1.0966639518737793
0.010381274211132312,0.009149973959569126,2.3025848854064943,0.09980773180163999,0.01668363281443149,0.016208721112601365,2.302584887313843,0.09999977475020858,4.059078216552734,3.5776398181915283,1.318006992340088,1.2804889678955078
0.010356550021549624,0.00912778944615513,2.3045541578674316,0.09796196042636704,0.015608271466025824,0.015197962145262126,2.302584887313843,0.09999977475020858,4.049411058425903,3.5689656734466553,1.23305344581604,1.200639009475708
0.01038649868782219,0.009161122924531513,2.433650051422119,0.10010300752995079,0.015436516532415076,0.01502362384071833,2.302584887313843,0.09999977475020858,4.061120986938477,3.5819990634918213,1.219484806060791,1.186866283416748
