train_step,train_data,train_loss,train_acc,test_step,test_data,test_loss,test_acc,total_train_step_time,total_train_data_time,total_test_step_time,total_test_data_time
0.01046617744523851,0.009400070780683356,499.72518877822876,0.10071579805930676,0.014366611649718466,0.013927360124225859,2.302584887313843,0.09999977475020858,4.092275381088257,3.6754276752471924,1.1349623203277588,1.1002614498138428
0.010598823542485153,0.009510455533976446,2.3026878804016113,0.10030605226345288,0.015596933002713361,0.015186430532721024,2.3029322170257567,0.09999977475020858,4.144140005111694,3.71858811378479,1.2321577072143555,1.199728012084961
0.010548038555837958,0.009500930376369935,2.3027921156311035,0.10224355940764256,0.01616382598876953,0.015743195256100424,2.302584887313843,0.09999977475020858,4.124283075332642,3.7148637771606445,1.276942253112793,1.2437124252319336
0.010222168529734892,0.009187545922711073,15.612399382476807,0.10122661362202963,0.01459117478962186,0.014170652703393865,2.302584887313843,0.09999977475020858,3.9968678951263428,3.5923304557800293,1.152702808380127,1.1194815635681152
