train_step,train_data,train_loss,train_acc,test_step,test_data,test_loss,test_acc,total_train_step_time,total_train_data_time,total_test_step_time,total_test_data_time
0.5485640253339495,0.2578346048082624,2.4116778765869142,0.10773460906666667,0.01615309476852417,0.004056499004364013,2.2614977836608885,0.16147354304381062,3.8399481773376465,1.804842233657837,1.615309476852417,0.40564990043640137
0.5809006690979004,0.26362405504499165,2.2276085732269286,0.17323922026666666,0.016100151538848875,0.004001295566558838,2.189392473697662,0.20364753394578508,4.066304683685303,1.8453683853149414,1.6100151538848877,0.4001295566558838
