train_step,train_data,train_loss,train_acc,test_step,test_data,test_loss,test_acc,total_train_step_time,total_train_data_time,total_test_step_time,total_test_data_time
0.010103875524480603,0.0019147475407967106,1.2752815431213378,0.4301841032654794,0.022088522911071776,0.010205295085906983,0.9199297225475311,0.6750641442517664,15.792357444763184,2.992750406265259,2.2088522911071777,1.0205295085906982
0.00978221850599605,0.0013596593609088061,0.7749778706073761,0.713001729288217,0.02161078691482544,0.009572827816009521,0.712512128353119,0.7462673388364943,15.289607524871826,2.125147581100464,2.161078691482544,0.9572827816009521
