train_step,train_data,train_loss,train_acc,test_step,test_data,test_loss,test_acc,total_train_step_time,total_train_data_time,total_test_step_time,total_test_data_time
1.1473735400608607,0.3414663246699742,2.3844568747711183,0.092122432,0.022475464344024657,0.010467376708984375,2.2673918294906614,0.16529884749788074,8.031614780426025,2.3902642726898193,2.247546434402466,1.0467376708984375
0.35699684279305594,0.3444657325744629,2.2283328019714355,0.17706487253333333,0.02336402893066406,0.011458446979522705,2.181881585121155,0.1938435066131018,2.4989778995513916,2.4112601280212402,2.3364028930664062,1.1458446979522705
