epoch,steps,training step,training data,training loss,training prec1,training prec5,training acc,training error1,training error5,validation step,validation data,validation loss,validation prec1,validation prec5,validation acc,validation error1,validation error5
1,781,0.260091849386921,0.0039056275473971984,1.6271471994023927,39.00041763364277,88.03660921494878,0.2972148328909768,60.99958236635723,11.963390785051217,0.008584696775788714,0.0027447992069706034,1.3779681499481202,53.19,93.55,0.5235810753176252,46.81,6.450000000000003
2,1562,0.25830789045854047,0.002226760537004654,1.1205966013189161,59.58169114116517,95.8313535331306,0.5671510358310123,40.41830885883483,4.168646466869404,0.008370842903282992,0.0028016901319953286,1.0438824157714843,65.77,97.27,0.6574552316497269,34.230000000000004,2.730000000000004
3,2343,0.25731287387208046,0.002357255176148555,0.8995170734450698,68.06784421014724,97.44662041853393,0.6643039569978587,31.932155789852757,2.553379581466075,0.00783892194176935,0.0027380080739403986,1.0569006637573242,67.3,97.68,0.670061455736152,32.7,2.319999999999993
