epoch,steps,training step,training data,training loss,training prec1,training prec5,training acc,training error1,training error5,validation step,validation data,validation loss,validation prec1,validation prec5,validation acc,validation error1,validation error5
1,781,0.24522954095798938,0.005131474225072335,1.6250501529965908,39.117079965588985,88.06911961827785,0.29791395813435867,60.882920034411015,11.930880381722147,0.008873638833404347,0.0030200526972485194,1.495935970878601,51.48,91.62,0.511098112133223,48.52,8.379999999999995
2,1562,0.24257067620525286,0.0025018076585288543,1.1247812704148579,59.357681958226635,95.80984665092829,0.5656784779539864,40.642318041773365,4.190153349071707,0.00953475533017687,0.0033526754682990396,1.0138122341156006,65.82,97.81,0.6520610499264934,34.18000000000001,2.1899999999999977
3,2343,0.24195868410313176,0.0028867428495087176,0.9064968775542842,67.75074273767606,97.39779229353393,0.6614990977947869,32.24925726232394,2.602207706466075,0.010625312282780932,0.004737682403272884,0.8540538686752319,72.15,98.19,0.7205850352602634,27.849999999999994,1.8100000000000023
