gpu_num,batch_size,train_step,train_data,train_loss,train_acc,test_step,test_data,test_loss,test_acc,total_train_step_time,total_train_data_time,total_test_step_time,total_test_data_time
4.0,32.0,0.02051523335449531,0.002187996569192013,1.0787103840637207,0.5953779163372219,0.01550372838973999,0.003903646469116211,1.01266610622406,0.6519856570786595,8.021456241607666,0.8555066585540771,1.550372838973999,0.3903646469116211
4.0,128.0,0.026569505127108827,0.006937095097133091,1.4652567909240723,0.44100082380649075,0.01566972255706787,0.00397594690322876,1.414505980014801,0.4820515929992275,2.603811502456665,0.679835319519043,1.566972255706787,0.397594690322876
4.0,512.0,0.05434651374816894,0.03322211265563965,1.910759195022583,0.2847063897956331,0.015672941207885743,0.004065759181976318,1.8106312191486358,0.34173831404916627,1.3586628437042236,0.8305528163909912,1.5672941207885742,0.40657591819763184
4.0,2048.0,0.5809006690979004,0.26362405504499165,2.2276085732269286,0.17323922026666666,0.016100151538848875,0.004001295566558838,2.189392473697662,0.20364753394578508,4.066304683685303,1.8453683853149414,1.6100151538848877,0.4001295566558838
4.0,8192.0,4.938549160957336,2.967808723449707,2.39544708946228,0.09236823679999999,0.016085734367370607,0.003994214534759522,2.3472805213928223,0.1095265699419364,9.877098321914673,5.935617446899414,1.6085734367370605,0.39942145347595215
