train_step,train_data,train_loss,train_acc,test_step,test_data,test_loss,test_acc,total_train_step_time,total_train_data_time,total_test_step_time,total_test_data_time
7.819287896156311,2.896077513694763,2.4369486614227296,0.0896148864,0.015427250862121582,0.0038176965713500976,2.405487051010132,0.09441362335171645,15.638575792312622,5.792155027389526,1.5427250862121582,0.38176965713500977
4.938549160957336,2.967808723449707,2.39544708946228,0.09236823679999999,0.016085734367370607,0.003994214534759522,2.3472805213928223,0.1095265699419364,9.877098321914673,5.935617446899414,1.6085734367370605,0.39942145347595215
