train_step,train_data,train_loss,train_acc,test_step,test_data,test_loss,test_acc,total_train_step_time,total_train_data_time,total_test_step_time,total_test_data_time
0.31280014038085935,0.056463708877563475,2.2288428692626954,0.14207599131746382,0.022091464996337892,0.009924044609069824,2.0081122696399687,0.26804824679882466,7.820003509521484,1.411592721939087,2.209146499633789,0.9924044609069824
0.2919876384735107,0.055925455093383786,1.8800901321029664,0.28753141440741437,0.02261296272277832,0.010277566909790039,1.778220682144165,0.35288723980407327,7.2996909618377686,1.3981363773345947,2.261296272277832,1.027756690979004
