train_step,train_data,train_loss,train_acc,test_step,test_data,test_loss,test_acc,total_train_step_time,total_train_data_time,total_test_step_time,total_test_data_time
0.012839421591795314,0.0032001505117587115,1.5205720887374878,0.3383282230490906,0.02205051898956299,0.009903800487518311,1.2074033474922181,0.5629155769084375,5.020213842391968,1.2512588500976562,2.205051898956299,0.990380048751831
0.01071562791419456,0.003268302858942915,1.0452333592605592,0.6044419881443912,0.021852858066558838,0.010040745735168458,0.9773729586601257,0.6614579031875087,4.189810514450073,1.2779064178466797,2.185285806655884,1.0040745735168457
